{"cameraMode":{"drawMode":0,"name":"Shaded","section":"Shading Mode"},"sceneLighting":false,"audioPlay":false,"sceneViewState":{"showFog":true,"showMaterialUpdate":false,"showSkybox":false,"showFlares":true,"showImageEffects":true,"showParticleSystems":true},"in2DMode":false,"pivot":{"x":11.944668769836426,"y":3.6217567920684816,"z":2.7643823623657228},"rotation":{"x":0.005869656801223755,"y":-0.576465904712677,"z":-0.004150192718952894,"w":-0.8171098828315735},"size":6.827122688293457,"orthographic":false}