{"cameraMode":{"drawMode":0,"name":"Shaded","section":"Shading Mode"},"sceneLighting":true,"audioPlay":false,"sceneViewState":{"showFog":true,"showMaterialUpdate":false,"showSkybox":true,"showFlares":true,"showImageEffects":true,"showParticleSystems":true},"in2DMode":false,"pivot":{"x":-14.941089630126954,"y":8.801464080810547,"z":61.65744400024414},"rotation":{"x":0.026708820834755899,"y":0.14610899984836579,"z":-0.00393909215927124,"w":0.9889090657234192},"size":3.248642921447754,"orthographic":false}