{"cameraMode":{"drawMode":0,"name":"Shaded","section":"Shading Mode"},"sceneLighting":false,"audioPlay":false,"sceneViewState":{"showFog":true,"showMaterialUpdate":false,"showSkybox":false,"showFlares":true,"showImageEffects":true,"showParticleSystems":true},"in2DMode":false,"pivot":{"x":-2.0,"y":0.6370735168457031,"z":6.023290157318115},"rotation":{"x":-0.18868301808834077,"y":-0.4588834345340729,"z":0.10044653713703156,"w":-0.8624824285507202},"size":0.48601722717285159,"orthographic":false}